City_ID,City,Country,Date,Lat,Lng,Max Temp,Humidity,Cloudiness,Wind Speed
0,Zhanaozen,KZ,2022-07-21 17:18:12,43.3,52.8,96.58,18,44,5.23
1,Rikitea,PF,2022-07-21 17:17:47,-23.1203,-134.9692,74.55,73,36,12.15
2,Puerto Ayora,EC,2022-07-21 17:22:01,-0.7393,-90.3518,78.76,85,82,11.01
3,Hamilton,CA,2022-07-21 17:22:02,43.2334,-79.9496,84.9,60,75,13.8
4,Bluff,NZ,2022-07-21 17:22:02,-46.6,168.3333,38.8,82,97,9.24
5,Mezen,RU,2022-07-21 17:22:02,65.8522,44.24,57.67,78,5,8.08
6,Hermanus,ZA,2022-07-21 17:22:03,-34.4187,19.2345,46.8,75,48,2.39
7,Seoul,KR,2022-07-21 17:21:14,37.5683,126.9778,74.64,94,75,4.61
8,Plettenberg Bay,ZA,2022-07-21 17:22:04,-34.0527,23.3716,54.63,80,0,3.02
9,Timra,SE,2022-07-21 17:22:05,62.487,17.3257,73.08,73,0,4.61
10,Rocha,UY,2022-07-21 17:22:05,-34.4833,-54.3333,59.0,72,79,9.44
11,Thompson,CA,2022-07-21 17:20:54,55.7435,-97.8558,62.76,88,75,8.05
12,Punta Arenas,CL,2022-07-21 17:21:45,-53.15,-70.9167,35.71,75,20,27.63
13,Bredasdorp,ZA,2022-07-21 17:22:06,-34.5322,20.0403,49.24,86,30,1.3
14,Billings,US,2022-07-21 17:18:22,45.7833,-108.5007,89.37,14,20,11.5
15,Bonnyville,CA,2022-07-21 17:22:07,54.2668,-110.735,72.72,54,32,10.83
16,Dandong,CN,2022-07-21 17:22:08,40.1292,124.3947,68.63,86,81,4.21
17,Busselton,AU,2022-07-21 17:22:08,-33.65,115.3333,57.72,77,68,12.41
18,Kommunisticheskiy,RU,2022-07-21 17:22:08,61.6789,64.4819,55.54,57,47,1.59
19,Souillac,MU,2022-07-21 17:22:09,-20.5167,57.5167,70.18,73,40,14.97
20,Comodoro Rivadavia,AR,2022-07-21 17:22:09,-45.8667,-67.5,44.46,39,75,21.85
21,Victoria,CA,2022-07-21 17:17:53,48.4329,-123.3693,74.84,71,40,28.77
22,Namibe,AO,2022-07-21 17:22:10,-15.1961,12.1522,64.47,81,0,5.32
23,Bethel,US,2022-07-21 17:22:11,41.3712,-73.414,93.36,67,40,9.22
24,Cabedelo,BR,2022-07-21 17:22:12,-6.9811,-34.8339,79.47,80,100,13.47
25,Guerrero Negro,MX,2022-07-21 17:22:12,27.9769,-114.0611,75.16,62,61,14.72
26,Neuquen,AR,2022-07-21 17:18:10,-38.9516,-68.0591,49.89,50,0,2.3
27,Klichka,RU,2022-07-21 17:22:13,50.4457,117.996,63.28,84,39,2.71
28,Hobart,AU,2022-07-21 17:20:17,-42.8794,147.3294,39.06,92,0,3.0
29,Cape Town,ZA,2022-07-21 17:22:13,-33.9258,18.4232,57.27,79,0,5.75
30,Nome,US,2022-07-21 17:22:14,64.5011,-165.4064,46.47,87,100,5.75
31,Sitka,US,2022-07-21 17:22:15,57.0531,-135.33,55.29,88,100,5.75
32,Castro,BR,2022-07-21 17:18:06,-24.7911,-50.0119,72.68,52,9,7.65
33,Ushuaia,AR,2022-07-21 17:20:13,-54.8,-68.3,31.66,86,40,25.32
34,Chuy,UY,2022-07-21 17:22:16,-33.6971,-53.4616,62.24,84,100,10.22
35,Ponta Do Sol,PT,2022-07-21 17:22:17,32.6667,-17.1,74.12,65,1,3.76
36,Pringsewu,ID,2022-07-21 17:22:17,-5.3582,104.9744,73.62,97,93,2.3
37,Axim,GH,2022-07-21 17:22:18,4.8699,-2.2405,77.59,63,41,9.44
38,Nemuro,JP,2022-07-21 17:22:19,43.3236,145.575,56.68,90,0,8.37
39,Bontang,ID,2022-07-21 17:22:19,0.1333,117.5,80.6,81,93,7.11
40,Albany,US,2022-07-21 17:22:20,42.6526,-73.7562,94.87,59,40,12.66
41,Vaini,TO,2022-07-21 17:22:21,-21.2,-175.2,73.96,75,5,9.26
42,Aswan,EG,2022-07-21 17:23:21,24.0934,32.907,101.5,13,0,10.36
43,Butaritari,KI,2022-07-21 17:23:22,3.0707,172.7902,80.01,76,69,3.67
44,Santa Cruz,PH,2022-07-21 17:23:22,14.2814,121.4161,81.09,91,100,5.08
45,Talnakh,RU,2022-07-21 17:19:49,69.4865,88.3972,52.21,87,24,7.36
46,Bani,DO,2022-07-21 17:23:23,18.2833,-70.3333,85.44,60,4,16.91
47,Saint-Augustin,CA,2022-07-21 17:23:24,51.226,-58.6502,76.93,40,45,11.3
48,Bambous Virieux,MU,2022-07-21 17:23:24,-20.3428,57.7575,70.05,73,40,14.97
49,Devonport,AU,2022-07-21 17:23:25,-41.1667,146.35,49.01,86,23,7.38
50,Buraydah,SA,2022-07-21 17:21:07,26.326,43.975,104.45,9,33,10.49
51,Dikson,RU,2022-07-21 17:23:26,73.5069,80.5464,42.85,89,100,22.68
52,Nanortalik,GL,2022-07-21 17:23:26,60.1432,-45.2371,52.23,73,6,14.2
53,Saint-Philippe,RE,2022-07-21 17:23:27,-21.3585,55.7679,67.59,76,58,16.44
54,Grand Island,US,2022-07-21 17:23:27,40.925,-98.342,89.2,48,0,10.36
55,Carnarvon,AU,2022-07-21 17:23:28,-24.8667,113.6333,65.59,68,68,16.73
56,Lakes Entrance,AU,2022-07-21 17:23:28,-37.8811,147.981,37.17,89,1,9.44
57,Tasiilaq,GL,2022-07-21 17:23:29,65.6145,-37.6368,42.96,73,91,2.77
58,Norman Wells,CA,2022-07-21 17:23:29,65.282,-126.8329,60.84,88,75,2.3
59,East London,ZA,2022-07-21 17:20:16,-33.0153,27.9116,56.34,88,0,6.91
60,Kapaa,US,2022-07-21 17:23:30,22.0752,-159.319,80.19,80,40,16.11
61,Cabo San Lucas,MX,2022-07-21 17:19:54,22.8909,-109.9124,97.9,45,0,12.66
62,Avarua,CK,2022-07-21 17:23:31,-21.2078,-159.775,73.45,68,40,12.66
63,Port Alfred,ZA,2022-07-21 17:23:31,-33.5906,26.891,54.18,89,0,6.02
64,Masvingo,ZW,2022-07-21 17:23:32,-20.0637,30.8277,62.58,61,91,3.67
65,Cabo Rojo,PR,2022-07-21 17:23:32,18.0866,-67.1457,87.08,77,56,1.99
66,Geraldton,AU,2022-07-21 17:23:32,-28.7667,114.6,61.63,62,54,11.65
67,Taltal,CL,2022-07-21 17:20:56,-25.4,-70.4833,62.06,74,20,5.41
68,Karlstad,SE,2022-07-21 17:23:33,59.3793,13.5036,82.96,42,100,3.44
69,Ust-Maya,RU,2022-07-21 17:23:34,60.4167,134.5333,64.11,75,100,3.24
70,Aykhal,RU,2022-07-21 17:23:34,66.0,111.5,52.05,92,100,1.32
71,Yellowknife,CA,2022-07-21 17:23:35,62.456,-114.3525,64.92,48,20,6.91
72,Longyearbyen,SJ,2022-07-21 17:23:35,78.2186,15.6401,49.84,87,75,6.91
73,Torbay,CA,2022-07-21 17:23:36,47.6666,-52.7314,76.87,58,75,18.41
74,Tommot,RU,2022-07-21 17:23:36,58.9564,126.2925,59.22,93,20,2.28
75,Georgetown,GY,2022-07-21 17:23:27,6.8045,-58.1553,89.89,64,11,6.85
76,Coihaique,CL,2022-07-21 17:23:37,-45.5752,-72.0662,37.35,60,75,4.61
77,Hasaki,JP,2022-07-21 17:23:38,35.7333,140.8333,79.29,91,100,12.93
78,Ucluelet,CA,2022-07-21 17:23:38,48.9329,-125.5528,58.08,93,68,6.71
79,Fairbanks,US,2022-07-21 17:20:50,64.8378,-147.7164,57.81,71,75,5.75
80,Margate,GB,2022-07-21 17:23:39,51.3813,1.3862,68.11,75,57,3.0
81,Barabai,ID,2022-07-21 17:23:39,-2.5833,115.3833,74.48,95,91,2.28
82,Caravelas,BR,2022-07-21 17:23:40,-17.7125,-39.2481,77.49,63,2,8.46
83,Atuona,PF,2022-07-21 17:23:41,-9.8,-139.0333,77.16,76,12,15.84
84,Ancud,CL,2022-07-21 17:23:41,-41.8697,-73.8203,41.23,82,100,13.13
85,Mayo,US,2022-07-21 17:23:42,38.8876,-76.5119,95.04,62,20,9.22
86,Maragogi,BR,2022-07-21 17:23:42,-9.0122,-35.2225,77.81,78,78,12.28
87,Tiksi,RU,2022-07-21 17:23:43,71.6872,128.8694,41.0,84,43,10.63
88,Barmer,IN,2022-07-21 17:23:44,25.75,71.3833,86.11,67,100,18.01
89,Zyryanka,RU,2022-07-21 17:23:44,65.75,150.85,44.42,77,5,3.83
90,Klaksvik,FO,2022-07-21 17:24:45,62.2266,-6.589,50.92,82,43,10.6
91,Satipo,PE,2022-07-21 17:24:45,-11.2522,-74.6386,88.63,43,37,3.04
92,Iqaluit,CA,2022-07-21 17:22:35,63.7506,-68.5145,40.73,93,100,8.05
93,Nova Prata,BR,2022-07-21 17:24:46,-28.7839,-51.61,75.27,61,82,5.41
94,Komsomolets,KZ,2022-07-21 17:24:47,53.7453,62.0708,61.75,72,24,8.01
95,San Patricio,MX,2022-07-21 17:24:48,19.2167,-104.7,90.77,61,17,7.16
96,Monopoli,IT,2022-07-21 17:24:48,40.9559,17.2896,93.65,45,0,0.98
97,Barrow,US,2022-07-21 17:24:49,71.2906,-156.7887,44.62,76,0,24.16
98,Yumen,CN,2022-07-21 17:24:50,40.2833,97.2,70.16,24,0,8.25
99,Touros,BR,2022-07-21 17:24:50,-5.1989,-35.4608,81.99,64,83,13.89
100,West Bay,KY,2022-07-21 17:20:16,19.3667,-81.4167,89.67,62,40,11.5
101,San Carlos De Bariloche,AR,2022-07-21 17:24:51,-41.1456,-71.3082,37.24,80,75,27.63
102,Carauari,BR,2022-07-21 17:24:51,-4.8828,-66.8958,92.32,44,56,1.07
103,Qaanaaq,GL,2022-07-21 17:24:52,77.484,-69.3632,45.9,70,100,4.88
104,Panama City,US,2022-07-21 17:24:17,30.1595,-85.6598,87.01,81,83,5.01
105,Atambua,ID,2022-07-21 17:24:53,-9.1061,124.8925,70.27,86,84,5.82
106,Luderitz,NA,2022-07-21 17:24:53,-26.6481,15.1594,63.25,57,0,9.6
107,Mazamari,PE,2022-07-21 17:24:54,-11.3258,-74.5308,88.48,45,35,3.02
108,Bathsheba,BB,2022-07-21 17:24:54,13.2167,-59.5167,88.41,83,20,25.32
109,Pitimbu,BR,2022-07-21 17:24:55,-7.4706,-34.8086,79.39,82,91,13.09
110,Flin Flon,CA,2022-07-21 17:24:55,54.7682,-101.865,62.44,67,100,13.8
111,Mafinga,TZ,2022-07-21 17:24:56,-7.25,35.0667,72.9,42,52,11.18
112,Itoman,JP,2022-07-21 17:24:57,26.1247,127.6694,84.22,89,15,11.5
113,Cholet,FR,2022-07-21 17:24:57,47.0667,-0.8833,89.42,20,12,3.18
114,Rawah,IQ,2022-07-21 17:24:58,34.4816,41.9093,97.16,12,0,7.92
115,Shahreza,IR,2022-07-21 17:24:59,32.0339,51.8794,84.76,11,0,4.61
116,Veshkayma,RU,2022-07-21 17:24:59,54.05,47.1333,58.89,92,100,12.73
117,San Miguel,PH,2022-07-21 17:25:00,15.1454,120.9789,80.19,88,100,1.1
118,Huittinen,FI,2022-07-21 17:25:00,61.1667,22.75,82.29,53,61,7.02
119,Shahrud,IR,2022-07-21 17:25:01,36.4182,54.9763,80.01,48,0,7.87
120,Upernavik,GL,2022-07-21 17:25:02,72.7868,-56.1549,47.25,84,100,6.46
121,Grand Junction,US,2022-07-21 17:25:02,39.0639,-108.5507,91.35,27,0,10.36
122,Brae,GB,2022-07-21 17:25:03,60.3964,-1.353,54.19,77,22,11.86
123,New Norfolk,AU,2022-07-21 17:25:03,-42.7826,147.0587,38.71,84,0,2.98
124,Kiruna,SE,2022-07-21 17:25:04,67.8557,20.2251,58.12,77,75,8.05
125,Aosta,IT,2022-07-21 17:25:05,45.7374,7.3166,93.15,38,5,19.57
126,Jamestown,US,2022-07-21 17:25:05,42.097,-79.2353,81.52,64,75,17.27
127,Eureka,US,2022-07-21 17:21:02,40.8021,-124.1637,58.19,87,73,1.01
128,Ambilobe,MG,2022-07-21 17:25:06,-13.2,49.05,68.76,66,5,6.04
129,Lebu,CL,2022-07-21 17:25:07,-37.6167,-73.65,53.04,80,89,5.99
130,Pathein,MM,2022-07-21 17:25:07,16.7833,94.7333,76.91,94,100,10.89
131,Idaho Falls,US,2022-07-21 17:25:08,43.4666,-112.0341,84.0,39,0,4.61
132,Turayf,SA,2022-07-21 17:25:09,31.6725,38.6637,93.45,20,0,11.5
133,Ambon,ID,2022-07-21 17:25:09,-3.6954,128.1814,77.23,15,20,6.91
134,Hilo,US,2022-07-21 17:20:18,19.7297,-155.09,77.29,100,75,4.61
135,Hambantota,LK,2022-07-21 17:22:22,6.1241,81.1185,79.54,82,96,20.69
136,Srednekolymsk,RU,2022-07-21 17:26:10,67.45,153.6833,41.63,53,16,5.5
137,Ribeira Brava,PT,2022-07-21 17:26:10,32.65,-17.0667,74.12,65,1,4.03
138,Saint George,US,2022-07-21 17:21:32,37.1041,-113.5841,101.62,19,0,3.44
139,Tuktoyaktuk,CA,2022-07-21 17:26:11,69.4541,-133.0374,51.8,93,100,3.44
140,Cacoal,BR,2022-07-21 17:26:12,-11.4386,-61.4472,95.32,22,4,5.08
141,Mareeba,AU,2022-07-21 17:26:13,-17.0,145.4333,64.44,89,67,1.81
142,Bilibino,RU,2022-07-21 17:26:13,68.0546,166.4372,37.17,63,47,3.33
143,Labuhan,ID,2022-07-21 17:26:14,-6.8844,112.2051,75.83,82,80,8.66
144,Lovozero,RU,2022-07-21 17:26:14,68.005,35.0117,70.92,73,95,2.98
145,Bathurst,AU,2022-07-21 17:26:15,-33.4166,149.5806,47.97,84,87,1.99
146,Poya,NC,2022-07-21 17:26:15,-21.35,165.15,72.7,88,17,7.9
147,Millinocket,US,2022-07-21 17:26:16,45.6573,-68.7098,89.71,51,20,10.36
148,Kolvereid,NO,2022-07-21 17:26:16,64.8655,11.6047,56.28,87,99,12.88
149,Taonan,CN,2022-07-21 17:26:17,45.3333,122.7833,72.45,69,13,5.1
150,Sisimiut,GL,2022-07-21 17:26:17,66.9395,-53.6735,48.22,90,100,15.84
151,Havelock,US,2022-07-21 17:26:18,34.8791,-76.9013,91.36,81,40,23.02
152,Muli,MV,2022-07-21 17:26:18,2.9167,73.5667,80.65,78,100,12.57
153,Kaeo,NZ,2022-07-21 17:26:19,-35.1,173.7833,50.32,94,35,3.74
154,Saskylakh,RU,2022-07-21 17:26:20,71.9167,114.0833,48.24,73,99,11.21
155,Muroto,JP,2022-07-21 17:26:20,33.2833,134.15,79.83,89,9,10.38
156,North Platte,US,2022-07-21 17:26:21,41.1239,-100.7654,91.29,34,0,8.01
157,Ystad,SE,2022-07-21 17:26:22,55.4297,13.8204,75.94,68,99,17.4
158,Port Blair,IN,2022-07-21 17:26:22,11.6667,92.75,80.64,89,100,2.3
159,Sidmouth,GB,2022-07-21 17:26:23,50.6909,-3.2397,72.88,66,20,9.22
160,Chara,RU,2022-07-21 17:26:23,56.9064,118.2631,61.9,86,85,3.22
161,Tres Arroyos,AR,2022-07-21 17:26:24,-38.3739,-60.2798,53.83,24,46,6.24
162,Nchelenge,ZM,2022-07-21 17:26:25,-9.3451,28.734,73.58,50,50,6.2
163,Murgab,TM,2022-07-21 17:26:25,37.4966,61.9714,94.87,28,0,4.61
164,Faanui,PF,2022-07-21 17:26:26,-16.4833,-151.75,77.22,73,19,12.39
165,Ust-Barguzin,RU,2022-07-21 17:26:26,53.45,108.9833,55.44,75,100,4.29
166,Boyolangu,ID,2022-07-21 17:26:27,-8.1181,111.8935,73.31,90,81,5.44
167,Trairi,BR,2022-07-21 17:25:48,-3.2778,-39.2689,82.98,65,98,11.48
168,Bengkulu,ID,2022-07-21 17:26:28,-3.8004,102.2655,75.63,92,72,4.23
169,Dingle,PH,2022-07-21 17:26:28,10.9995,122.6711,77.85,91,100,5.08
170,Barcelos,PT,2022-07-21 17:26:29,41.5388,-8.6151,84.92,51,6,5.91
171,Yulara,AU,2022-07-21 17:26:30,-25.2406,130.9889,50.14,40,5,8.48
172,Bealanana,MG,2022-07-21 17:26:30,-14.55,48.7333,53.28,95,8,4.59
173,Provideniya,RU,2022-07-21 17:26:31,64.3833,-173.3,39.99,77,99,10.09
174,Belmonte,BR,2022-07-21 17:26:31,-15.8631,-38.8828,76.33,72,19,9.98
175,Mar Del Plata,AR,2022-07-21 17:26:07,-38.0023,-57.5575,56.08,53,0,14.0
176,Santa Lucia,ES,2022-07-21 17:26:32,27.9117,-15.5407,73.94,61,20,33.38
177,Fortuna,US,2022-07-21 17:24:15,40.5982,-124.1573,57.92,87,83,5.93
178,Stromness,GB,2022-07-21 17:26:33,58.965,-3.296,57.16,86,43,10.0
179,Elizabeth City,US,2022-07-21 17:26:34,36.2946,-76.2511,90.01,73,75,16.11
180,Wuwei,CN,2022-07-21 17:26:34,37.9281,102.6414,56.32,67,41,5.3
181,Yichang,CN,2022-07-21 17:27:35,30.7144,111.2847,79.32,91,96,2.71
182,Bantry,IE,2022-07-21 17:27:35,51.6833,-9.45,57.78,93,100,4.36
183,Kavieng,PG,2022-07-21 17:23:13,-2.5744,150.7967,81.0,80,100,10.04
184,Sibu,MY,2022-07-21 17:27:36,2.3,111.8167,79.11,89,40,1.14
185,Mount Gambier,AU,2022-07-21 17:24:21,-37.8333,140.7667,47.23,85,62,8.05
186,Plover,US,2022-07-21 17:27:37,44.4564,-89.544,83.25,51,40,11.5
187,Lufilufi,WS,2022-07-21 17:27:38,-13.8745,-171.5986,73.18,74,18,19.86
188,Kulhudhuffushi,MV,2022-07-21 17:27:38,6.6221,73.07,81.66,78,100,17.74
189,Eenhana,NA,2022-07-21 17:27:39,-17.4667,16.3333,66.43,20,0,6.53
190,Te Anau,NZ,2022-07-21 17:27:40,-45.4167,167.7167,33.39,94,43,1.7
191,Kruisfontein,ZA,2022-07-21 17:27:40,-34.0033,24.7314,49.89,85,0,1.54
192,Salalah,OM,2022-07-21 17:26:26,17.0151,54.0924,77.09,94,100,6.91
193,San Cristobal,VE,2022-07-21 17:26:20,7.7669,-72.225,77.18,67,94,6.93
194,Le Mars,US,2022-07-21 17:26:53,42.7942,-96.1656,89.11,39,0,8.05
195,Krasnyy Kholm,RU,2022-07-21 17:27:41,58.0607,37.1203,64.47,72,32,7.02
196,Ulaanbaatar,MN,2022-07-21 17:27:42,47.9077,106.8832,60.93,88,75,4.47
197,Paralimni,CY,2022-07-21 17:27:43,35.0375,33.9833,88.29,95,0,5.99
198,Bugasong,PH,2022-07-21 17:27:43,11.0439,122.0659,80.33,82,100,4.16
199,Key Largo,US,2022-07-21 17:27:35,25.0865,-80.4473,93.0,58,50,12.1
200,Harrisonburg,US,2022-07-21 17:26:42,38.4496,-78.8689,91.71,52,75,4.61
201,Juneau,US,2022-07-21 17:27:44,58.3019,-134.4197,54.84,98,100,9.22
202,Ahipara,NZ,2022-07-21 17:27:44,-35.1667,173.1667,54.03,85,82,7.2
203,Arraial Do Cabo,BR,2022-07-21 17:27:45,-22.9661,-42.0278,78.76,69,20,16.11
204,Sur,OM,2022-07-21 17:27:46,22.5667,59.5289,89.06,65,98,10.29
205,Padang,ID,2022-07-21 17:23:32,-0.9492,100.3543,77.61,88,99,3.36
206,Ewa Beach,US,2022-07-21 17:27:47,21.3156,-158.0072,76.08,85,100,6.91
207,Port Shepstone,ZA,2022-07-21 17:27:47,-30.7414,30.455,65.66,75,58,12.68
208,Zaysan,KZ,2022-07-21 17:27:48,47.4667,84.8667,71.22,34,58,3.85
209,Qaqortoq,GL,2022-07-21 17:27:49,60.7167,-46.0333,51.3,83,10,7.23
210,Ballina,AU,2022-07-21 17:27:49,-28.8667,153.5667,59.04,99,98,21.09
211,Saldanha,ZA,2022-07-21 17:27:50,-33.0117,17.9442,51.85,73,50,9.04
212,Svetlaya,RU,2022-07-21 17:27:50,46.5389,138.3297,58.93,95,100,4.92
213,Angoram,PG,2022-07-21 17:27:51,-4.0625,144.0661,73.38,98,95,1.66
214,Mahebourg,MU,2022-07-21 17:27:51,-20.4081,57.7,70.09,73,40,14.97
215,Paka,MY,2022-07-21 17:27:52,4.6374,103.4368,76.93,94,59,0.0
216,Diego De Almagro,CL,2022-07-21 17:27:53,-26.3667,-70.05,65.91,36,72,4.36
217,Cabra,ES,2022-07-21 17:27:53,37.4725,-4.4421,96.75,19,0,12.26
218,Buenos Aires,AR,2022-07-21 17:25:51,-34.6132,-58.3772,67.68,51,100,6.31
219,Vincennes,FR,2022-07-21 17:26:42,48.85,2.4333,82.15,51,0,6.91
220,Krasnyy Chikoy,RU,2022-07-21 17:27:54,50.3643,108.7512,59.31,99,99,1.9
221,Turukhansk,RU,2022-07-21 17:27:54,65.8167,87.9833,56.75,77,68,7.38
222,Abalak,RU,2022-07-21 17:27:55,58.1286,68.5944,56.91,93,98,5.64
223,Goderich,CA,2022-07-21 17:27:55,43.7501,-81.7165,75.52,73,11,9.22
224,Kavaratti,IN,2022-07-21 17:27:56,10.5669,72.642,80.98,81,89,20.33
225,Algiers,DZ,2022-07-21 17:22:59,36.7525,3.042,80.42,78,40,17.27
226,Kouqian,CN,2022-07-21 17:28:56,43.6391,126.4578,66.74,93,100,1.57
227,Kihei,US,2022-07-21 17:25:54,20.785,-156.4656,73.42,83,40,11.5
228,Constitucion,CL,2022-07-21 17:28:57,-35.3333,-72.4167,59.34,69,20,7.23
229,Lorengau,PG,2022-07-21 17:28:58,-2.0226,147.2712,80.28,78,98,4.99
230,Missoula,US,2022-07-21 17:28:58,46.8722,-113.994,84.25,33,0,4.61
231,Santander,ES,2022-07-21 17:25:52,43.4647,-3.8044,80.31,82,20,13.0
232,Los Andes,CL,2022-07-21 17:28:59,-32.8337,-70.5983,67.01,27,7,1.77
233,Mishan,CN,2022-07-21 17:28:59,45.55,131.8833,63.88,96,2,4.47
234,Gornopravdinsk,RU,2022-07-21 17:29:00,60.05,69.9,58.93,56,96,4.88
235,Esperance,AU,2022-07-21 17:29:01,-33.8667,121.9,53.44,72,63,18.45
236,Isla Vista,US,2022-07-21 17:29:01,34.4133,-119.861,87.35,56,0,4.61
237,Paamiut,GL,2022-07-21 17:29:02,61.994,-49.6678,46.51,89,60,7.05
238,Bunia,CD,2022-07-21 17:29:03,1.5667,30.25,69.04,61,51,3.24
239,Portland,US,2022-07-21 17:28:40,45.5234,-122.6762,76.05,67,20,5.01
240,Ostersund,SE,2022-07-21 17:29:04,63.1792,14.6357,58.6,88,75,8.05
241,Benjamin Hill,MX,2022-07-21 17:26:00,30.1667,-111.1,87.26,42,80,4.47
242,Leningradskiy,RU,2022-07-21 17:29:05,69.3833,178.4167,33.48,99,100,12.97
243,Gilgit,PK,2022-07-21 17:29:05,35.9221,74.3087,91.09,36,100,4.16
244,Sulina,RO,2022-07-21 17:29:06,45.1559,29.6536,72.82,53,0,10.74
245,Anadyr,RU,2022-07-21 17:29:06,64.75,177.4833,45.1,75,0,4.47
246,Kargasok,RU,2022-07-21 17:29:07,59.0556,80.8572,57.38,94,97,6.06
247,Ribeira Grande,PT,2022-07-21 17:29:07,38.5167,-28.7,77.4,78,40,8.05
248,Tuatapere,NZ,2022-07-21 17:29:08,-46.1333,167.6833,43.38,89,97,2.71
249,Liverpool,GB,2022-07-21 17:28:11,53.4106,-2.9779,68.65,67,75,8.05
250,Soe,ID,2022-07-21 17:29:09,-9.8607,124.284,61.92,94,41,3.62
251,Mahajanga,MG,2022-07-21 17:29:09,-15.7167,46.3167,77.02,47,20,10.36
252,Burnie,AU,2022-07-21 17:29:10,-41.0667,145.9167,48.94,73,55,10.22
253,Scalea,IT,2022-07-21 17:29:11,39.813,15.7956,82.29,59,2,1.79
254,Jeremie,HT,2022-07-21 17:29:11,18.65,-74.1167,87.22,60,99,4.65
255,Cidreira,BR,2022-07-21 17:29:12,-30.1811,-50.2056,72.45,71,97,1.68
256,Yar-Sale,RU,2022-07-21 17:29:13,66.8333,70.8333,46.29,80,100,5.82
257,Petropavlovsk-Kamchatskiy,RU,2022-07-21 17:29:13,53.0452,158.6483,57.79,100,100,2.24
258,Polyarnyy,RU,2022-07-21 17:29:14,69.1989,33.4478,65.64,73,79,3.98
259,Half Moon Bay,US,2022-07-21 17:29:15,37.4636,-122.4286,76.14,78,100,11.5
260,Davila,PH,2022-07-21 17:29:15,18.4726,120.5763,83.79,79,54,8.72
261,Port Hardy,CA,2022-07-21 17:29:16,50.6996,-127.4199,55.58,88,100,3.44
262,Bintulu,MY,2022-07-21 17:29:17,3.1667,113.0333,81.01,83,40,5.75
263,Hobyo,SO,2022-07-21 17:29:17,5.3505,48.5268,76.41,81,81,26.62
264,Sao Joao Da Barra,BR,2022-07-21 17:29:18,-21.6403,-41.0511,78.89,71,21,9.84
265,Puerto El Triunfo,SV,2022-07-21 17:29:18,13.2833,-88.55,92.26,65,96,7.81
266,Egvekinot,RU,2022-07-21 17:30:19,66.3167,-179.1667,37.0,61,27,12.35
267,Godo,JP,2022-07-21 17:30:20,35.4167,136.6,79.05,100,97,1.3
268,Montijo,PT,2022-07-21 17:30:20,38.7067,-8.9739,87.33,55,0,11.5
269,Semey,KZ,2022-07-21 17:30:21,50.4111,80.2275,76.57,51,91,13.2
270,Rio Gallegos,AR,2022-07-21 17:30:22,-51.6226,-69.2181,35.65,69,0,31.07
271,Odesskoye,RU,2022-07-21 17:30:22,54.2111,72.9651,62.31,72,18,14.0
272,Lata,PT,2022-07-21 17:30:23,40.1629,-8.3327,85.5,49,12,6.67
273,Vylkove,UA,2022-07-21 17:30:24,45.4021,29.586,70.3,56,0,11.32
274,Katsuura,JP,2022-07-21 17:30:24,35.1333,140.3,77.86,92,100,12.73
275,Abong Mbang,CM,2022-07-21 17:30:25,3.9833,13.1833,71.28,85,98,2.15
276,Shizunai,JP,2022-07-21 17:30:26,42.3339,142.3669,65.14,95,31,6.11
277,Oistins,BB,2022-07-21 17:29:12,13.0667,-59.5333,87.89,70,20,25.32
278,Ilulissat,GL,2022-07-21 17:30:27,69.2167,-51.1,57.22,54,75,6.91
279,Porto Novo,CV,2022-07-21 17:30:28,17.0197,-25.0647,82.4,81,36,10.22
280,Sorland,NO,2022-07-21 17:30:28,67.667,12.6934,53.46,90,100,21.12
281,Plaster Rock,CA,2022-07-21 17:30:29,46.9065,-67.39,82.92,53,82,12.53
282,Pisco,PE,2022-07-21 17:30:29,-13.7,-76.2167,66.02,77,75,6.91
283,Jambi,ID,2022-07-21 17:30:30,-1.6,103.6167,74.98,95,95,2.64
284,Beringovskiy,RU,2022-07-21 17:30:31,63.05,179.3167,45.68,68,95,11.21
285,Codajas,BR,2022-07-21 17:30:31,-3.8367,-62.0569,86.67,60,53,1.36
286,Lianzhou,CN,2022-07-21 17:30:32,24.7811,112.3825,76.5,95,6,1.81
287,Miyako,JP,2022-07-21 17:30:32,39.6367,141.9525,69.06,91,47,2.44
288,Tirau,NZ,2022-07-21 17:30:33,-37.9833,175.75,44.69,92,30,2.39
289,Kokorevka,RU,2022-07-21 17:30:34,52.5872,34.2778,58.8,94,21,8.1
290,Pevek,RU,2022-07-21 17:30:34,69.7008,170.3133,31.87,99,100,8.9
291,Pacific Grove,US,2022-07-21 17:30:35,36.6177,-121.9166,73.2,91,40,5.75
292,Casteldaccia,IT,2022-07-21 17:30:35,38.0526,13.5287,88.27,49,0,7.0
293,Senador Canedo,BR,2022-07-21 17:30:36,-16.7081,-49.0931,83.53,28,0,10.36
294,Inhuma,BR,2022-07-21 17:30:37,-6.6683,-41.7078,84.83,40,67,13.02
295,Lima,PE,2022-07-21 17:30:26,-12.0432,-77.0282,66.9,73,100,6.91
296,Vila Velha,BR,2022-07-21 17:30:37,-20.3297,-40.2925,80.55,79,40,11.5
297,Vila Franca Do Campo,PT,2022-07-21 17:30:38,37.7167,-25.4333,73.81,70,60,1.36
298,Letnyaya Stavka,RU,2022-07-21 17:30:39,45.4306,43.4472,72.3,54,39,8.99
299,Komsomolskiy,UZ,2022-07-21 17:30:39,40.4272,71.7189,86.72,32,0,6.91
300,Namikupa,TZ,2022-07-21 17:30:40,-10.8333,39.6,64.15,92,33,3.06
301,Vodstroy,RU,2022-07-21 17:30:40,48.8416,44.5579,68.29,49,0,6.71
302,Kotelnikovo,RU,2022-07-21 17:30:41,47.6317,43.1461,71.44,38,28,3.15
303,Miri,MY,2022-07-21 17:30:42,4.4148,114.0089,78.94,94,40,1.14
304,Sibolga,ID,2022-07-21 17:30:42,1.7427,98.7792,76.69,86,44,3.51
305,Turbo,CO,2022-07-21 17:30:43,8.0937,-76.7269,84.33,80,100,8.28
306,Miguel Auza,MX,2022-07-21 17:30:43,24.2933,-103.4503,85.21,24,4,4.72
307,Cockburn Town,TC,2022-07-21 17:30:44,21.4612,-71.1419,87.76,62,40,13.8
308,Deputatskiy,RU,2022-07-21 17:31:44,69.3,139.9,39.0,89,4,4.29
309,Lavrentiya,RU,2022-07-21 17:31:45,65.5833,-171.0,39.36,86,100,22.88
310,Arlit,NE,2022-07-21 17:31:46,18.7369,7.3853,103.23,10,2,11.36
311,Saint Anthony,US,2022-07-21 17:30:40,45.0205,-93.218,83.88,40,0,20.71
312,Clyde River,CA,2022-07-21 17:31:46,70.4692,-68.5914,41.23,93,100,13.8
313,Namatanai,PG,2022-07-21 17:31:47,-3.6667,152.4333,78.6,82,38,6.42
314,Kirakira,SB,2022-07-21 17:31:47,-10.4544,161.9205,79.14,85,50,4.09
315,Sarangani,PH,2022-07-21 17:31:48,5.4033,125.4636,82.69,73,61,2.71
316,Nuuk,GL,2022-07-21 17:31:48,64.1835,-51.7216,59.61,67,40,21.85
317,Hami,CN,2022-07-21 17:31:49,42.8,93.45,76.44,23,1,0.92
318,Kutum,SD,2022-07-21 17:31:50,14.2,24.6667,73.29,65,92,13.47
319,Chadiza,ZM,2022-07-21 17:31:50,-14.0678,32.4392,67.39,47,89,6.42
320,Khatanga,RU,2022-07-21 17:31:51,71.9667,102.5,52.56,63,100,8.88
321,Sola,VU,2022-07-21 17:31:51,-13.8833,167.55,80.37,80,14,18.66
322,Port-Cartier,CA,2022-07-21 17:31:52,50.0334,-66.8654,73.62,63,98,9.37
323,Ujiie,JP,2022-07-21 17:31:53,36.6833,139.9667,72.79,97,100,1.48
324,Wuchang,CN,2022-07-21 17:31:53,44.9143,127.15,65.44,87,81,2.15
325,Delano,US,2022-07-21 17:31:54,35.7688,-119.247,93.33,20,0,0.0
326,Arona,ES,2022-07-21 17:31:54,28.0996,-16.681,81.12,46,0,24.16
327,Kraskino,RU,2022-07-21 17:31:55,42.7114,130.7794,66.42,98,99,1.23
328,Denpasar,ID,2022-07-21 17:30:28,-8.65,115.2167,78.46,83,40,12.66
329,Camacha,PT,2022-07-21 17:31:55,33.0833,-16.3333,69.22,68,75,16.11
330,Havre-Saint-Pierre,CA,2022-07-21 17:31:56,50.2334,-63.5986,73.76,49,40,10.36
331,Necochea,AR,2022-07-21 17:31:56,-38.5473,-58.7368,51.8,37,80,9.42
332,Aksu,CN,2022-07-21 17:31:57,41.1231,80.2644,82.51,23,0,6.87
333,Carutapera,BR,2022-07-21 17:31:57,-1.195,-46.02,82.54,73,48,7.07
334,Iralaya,HN,2022-07-21 17:31:57,15.0,-83.2333,83.73,73,12,9.64
335,Velsk,RU,2022-07-21 17:31:58,61.0701,42.0983,66.42,67,92,3.11
336,Penarroya-Pueblonuevo,ES,2022-07-21 17:31:58,38.3,-5.2667,101.44,12,15,8.1
337,Abha,SA,2022-07-21 17:31:59,18.2164,42.5053,69.62,73,40,4.61
338,Toora-Khem,RU,2022-07-21 17:32:00,52.4675,96.11,56.21,49,100,1.34
339,Bitung,ID,2022-07-21 17:32:00,1.4451,125.1824,76.05,87,73,8.66
340,Rurrenabaque,BO,2022-07-21 17:32:01,-14.4413,-67.5278,89.49,62,20,0.0
341,Bandarbeyla,SO,2022-07-21 17:32:02,9.4942,50.8122,76.01,81,95,30.49
342,Meadow Lake,US,2022-07-21 17:32:02,34.8014,-106.5436,90.21,35,37,6.8
343,Vrangel,RU,2022-07-21 17:32:03,42.7297,133.0839,63.81,96,94,7.07
344,Laguna,US,2022-07-21 17:32:04,38.421,-121.4238,90.97,50,0,6.91
345,Doha,QA,2022-07-21 17:27:49,25.2867,51.5333,94.98,75,0,12.66
346,Port-Gentil,GA,2022-07-21 17:32:05,-0.7193,8.7815,76.96,83,40,11.5
347,Alyangula,AU,2022-07-21 17:32:05,-13.8483,136.4192,66.0,68,47,10.04
348,Northwich,GB,2022-07-21 17:32:06,53.2614,-2.5123,67.86,73,75,3.0
349,Polunochnoye,RU,2022-07-21 17:32:06,60.8697,60.4153,56.19,72,81,3.69
350,Cap Malheureux,MU,2022-07-21 17:32:07,-19.9842,57.6142,68.47,73,67,7.0
351,La Ronge,CA,2022-07-21 17:32:08,55.1001,-105.2842,62.85,59,75,19.57
352,Chicama,PE,2022-07-21 17:32:08,-7.8447,-79.1469,59.54,59,62,9.6
353,Rovaniemi,FI,2022-07-21 17:32:09,66.5,25.7167,69.21,64,0,9.22
354,Port Lincoln,AU,2022-07-21 17:32:09,-34.7333,135.8667,54.64,68,100,17.63
355,Lydenburg,ZA,2022-07-21 17:32:10,-25.0978,30.4597,56.39,75,93,2.17
356,Baykit,RU,2022-07-21 17:33:11,61.67,96.37,59.83,74,86,3.44
357,Noyabrsk,RU,2022-07-21 17:33:11,63.1994,75.4507,48.4,80,86,11.99
358,Manta,EC,2022-07-21 17:33:12,-0.95,-80.7333,76.78,73,75,11.5
359,Eugene,US,2022-07-21 17:31:40,44.0521,-123.0867,69.4,82,100,9.22
360,Ostrovnoy,RU,2022-07-21 17:33:13,68.0531,39.5131,54.77,84,63,5.86
361,Nioaque,BR,2022-07-21 17:33:13,-21.1353,-55.83,94.17,18,11,10.02
362,Marsa Matruh,EG,2022-07-21 17:33:14,31.3525,27.2453,79.0,69,0,11.5
363,Port Elizabeth,ZA,2022-07-21 17:31:48,-33.918,25.5701,52.32,89,0,2.3
364,Asyut,EG,2022-07-21 17:33:15,27.181,31.1837,91.58,14,0,9.93
365,Palestine,PS,2022-07-21 17:31:19,31.9216,35.2033,74.35,82,1,11.01
366,Bulgan,MN,2022-07-21 17:33:16,48.8125,103.5347,50.0,97,100,4.54
367,Xining,CN,2022-07-21 17:33:17,36.6167,101.7667,47.86,89,57,2.33
368,Novyy Urengoy,RU,2022-07-21 17:33:18,66.0833,76.6333,45.01,81,100,7.87
369,Dunedin,NZ,2022-07-21 17:32:38,-45.8742,170.5036,46.8,81,97,4.0
370,Morondava,MG,2022-07-21 17:33:19,-20.2833,44.2833,72.54,76,7,11.54
371,Svetlogorsk,BY,2022-07-21 17:33:20,52.6333,29.7333,65.05,82,19,8.23
372,Oussouye,SN,2022-07-21 17:33:21,12.485,-16.5469,86.18,83,98,5.32
373,Berlevag,NO,2022-07-21 17:33:21,70.8578,29.0864,64.2,88,100,4.61
374,Coquimbo,CL,2022-07-21 17:33:22,-29.9533,-71.3436,56.93,76,75,2.3
375,Anamur,TR,2022-07-21 17:33:23,36.0751,32.8369,83.17,46,0,10.51
376,Shwebo,MM,2022-07-21 17:33:24,22.5667,95.7,80.91,84,100,3.96
377,Hithadhoo,MV,2022-07-21 17:33:24,-0.6,73.0833,81.19,72,100,4.99
378,Pravda,RU,2022-07-21 17:33:25,46.9396,142.009,58.15,88,96,3.78
379,Kirkwood,US,2022-07-21 17:33:26,38.5834,-90.4068,95.52,49,20,5.75
380,Okhotsk,RU,2022-07-21 17:33:26,59.3833,143.3,52.88,93,88,2.57
381,Bahar,IR,2022-07-21 17:33:27,34.9072,48.4414,80.76,16,0,6.91
382,Aksha,RU,2022-07-21 17:33:28,50.2814,113.2867,60.94,91,84,2.15
383,Narsaq,GL,2022-07-21 17:33:29,60.9167,-46.05,66.42,72,9,7.54
384,Kolyvan,RU,2022-07-21 17:33:29,55.3053,82.7391,62.22,97,62,7.83
385,Grindavik,IS,2022-07-21 17:33:30,63.8424,-22.4338,57.15,87,75,9.22
386,Poum,NC,2022-07-21 17:33:31,-20.2333,164.0167,76.17,88,5,23.58
387,San Andres,CO,2022-07-21 17:29:14,12.5847,-81.7006,86.02,74,40,12.66
388,Cherskiy,RU,2022-07-21 17:33:32,68.75,161.3,36.34,84,23,10.92
389,Akureyri,IS,2022-07-21 17:33:32,65.6835,-18.0878,53.53,71,75,14.97
390,Shizuishan,CN,2022-07-21 17:33:33,39.2333,106.7694,63.95,68,100,0.49
391,Sechura,PE,2022-07-21 17:33:33,-5.5569,-80.8222,72.25,57,50,12.68
392,Auki,SB,2022-07-21 17:33:34,-8.7676,160.7034,76.77,89,89,3.06
393,Champerico,GT,2022-07-21 17:33:35,14.3,-91.9167,91.94,71,100,4.65
394,Lazaro Cardenas,MX,2022-07-21 17:29:07,17.9583,-102.2,88.05,64,83,6.55
395,Atar,MR,2022-07-21 17:33:36,20.5169,-13.0499,103.86,21,39,14.67
396,Churapcha,RU,2022-07-21 17:34:37,62.0025,132.4325,63.72,77,0,4.99
397,Koumac,NC,2022-07-21 17:34:37,-20.5667,164.2833,74.03,86,6,7.11
398,Buenaventura,CO,2022-07-21 17:34:38,3.8801,-77.0312,78.46,90,100,6.17
399,Inta,RU,2022-07-21 17:34:38,66.0317,60.1659,52.5,58,69,8.99
400,College,US,2022-07-21 17:34:39,64.8569,-147.8028,59.58,68,75,5.75
401,Kasane,BW,2022-07-21 17:34:39,-17.8167,25.15,66.6,46,75,4.59
402,Nyurba,RU,2022-07-21 17:34:40,63.2842,118.3319,54.36,96,99,4.29
403,Gaur,NP,2022-07-21 17:34:41,26.7667,85.2667,82.89,78,99,9.51
404,Palmer,US,2022-07-21 17:31:57,42.1584,-72.3287,93.58,56,74,7.0
405,Presidencia Roque Saenz Pena,AR,2022-07-21 17:34:42,-26.7852,-60.4388,86.99,27,100,9.71
406,High Prairie,CA,2022-07-21 17:34:42,55.4334,-116.4858,70.27,42,98,13.02
407,Tilichiki,RU,2022-07-21 17:34:43,60.4667,166.1,49.59,68,0,6.44
408,Boende,CD,2022-07-21 17:34:44,-0.2167,20.8667,74.23,91,93,1.99
409,Pokhara,NP,2022-07-21 17:34:44,28.2333,83.9833,72.73,85,99,3.36
410,Dauphin,CA,2022-07-21 17:34:45,51.1494,-100.0502,75.34,50,0,20.71
411,Palana,RU,2022-07-21 17:34:45,59.1167,159.9667,49.48,82,14,7.94
412,Novobirilyussy,RU,2022-07-21 17:34:46,56.9514,90.6661,56.61,97,100,5.3
413,Gwadar,PK,2022-07-21 17:34:46,25.1216,62.3254,82.96,81,87,9.93
414,Prainha,BR,2022-07-21 17:34:47,-1.8,-53.48,88.25,52,62,5.44
415,Camabatela,AO,2022-07-21 17:34:47,-8.1881,15.375,74.77,37,90,1.74
416,Rio Branco,BR,2022-07-21 17:33:08,-9.9747,-67.81,92.01,38,20,2.3
417,Quarai,BR,2022-07-21 17:34:48,-30.3875,-56.4514,70.02,84,100,1.25
418,Bowling Green,US,2022-07-21 17:34:48,36.9903,-86.4436,90.14,51,0,5.75
419,Karratha,AU,2022-07-21 17:34:49,-20.7377,116.8463,70.34,83,0,7.27
420,Chapais,CA,2022-07-21 17:32:46,49.7834,-74.8492,71.38,86,65,14.99
421,Vagur,FO,2022-07-21 17:34:50,61.4732,-6.8119,50.25,82,8,2.66
422,Kodiak,US,2022-07-21 17:34:50,57.79,-152.4072,53.11,94,75,3.44
423,Vardo,NO,2022-07-21 17:34:51,70.3705,31.1107,57.18,94,0,6.91
424,Anloga,GH,2022-07-21 17:34:51,5.7947,0.8973,75.94,77,59,16.17
425,Namanga,KE,2022-07-21 17:34:52,-2.5433,36.7905,65.57,60,78,8.28
426,Salvador,BR,2022-07-21 17:30:13,-12.9711,-38.5108,78.76,75,34,14.41
427,Belyy Yar,RU,2022-07-21 17:34:53,53.6039,91.3903,64.29,68,0,6.71
428,Maua,BR,2022-07-21 17:32:41,-23.6678,-46.4614,77.45,36,0,3.94
429,Puerto Escondido,MX,2022-07-21 17:34:54,15.85,-97.0667,86.83,66,40,8.05
430,Codrington,AU,2022-07-21 17:34:55,-38.2667,141.9667,47.41,86,19,13.0
431,Maningrida,AU,2022-07-21 17:34:55,-12.0667,134.2667,56.98,82,57,9.75
432,Kintampo,GH,2022-07-21 17:34:56,8.0563,-1.7306,78.01,71,55,3.4
433,Tuljapur,IN,2022-07-21 17:34:56,18.0,76.0833,75.87,80,100,12.15
434,Atyrau,KZ,2022-07-21 17:35:57,47.1167,51.8833,78.82,61,40,4.47
435,Liwale,TZ,2022-07-21 17:35:57,-9.7667,37.9333,68.86,50,53,3.02
436,Maamba,ZM,2022-07-21 17:35:58,-17.3667,27.15,65.71,49,72,3.47
437,Bad Kissingen,DE,2022-07-21 17:35:58,50.2,10.0833,77.76,51,51,6.6
438,Merauke,ID,2022-07-21 17:35:59,-8.4667,140.3333,74.88,89,23,8.32
439,La Rioja,ES,2022-07-21 17:36:00,42.25,-2.5,89.38,31,4,11.1
440,Kinchil,MX,2022-07-21 17:36:00,20.9167,-89.95,95.05,30,1,5.1
441,Matara,LK,2022-07-21 17:36:01,5.9485,80.5353,78.26,86,84,15.17
442,Pipili,IN,2022-07-21 17:36:01,20.1167,85.8333,82.74,94,75,0.0
443,Antalaha,MG,2022-07-21 17:36:02,-14.9003,50.2788,66.88,89,63,8.43
444,Vallenar,CL,2022-07-21 17:33:02,-28.5708,-70.7581,64.42,62,21,2.86
445,Fort Morgan,US,2022-07-21 17:36:02,40.2503,-103.8,92.62,39,0,6.91
446,Dobson,US,2022-07-21 17:36:03,36.3957,-80.7226,86.43,66,0,6.91
447,Cabinda,AO,2022-07-21 17:36:04,-5.55,12.2,75.34,78,20,8.05
448,Cabadiangan,PH,2022-07-21 17:36:04,9.7531,122.4739,77.97,85,100,3.96
449,Isangel,VU,2022-07-21 17:36:05,-19.55,169.2667,76.51,85,17,12.5
450,Dali,CN,2022-07-21 17:36:05,25.7,100.1833,63.27,88,99,2.46
451,Yarkovo,RU,2022-07-21 17:36:06,57.4028,67.0786,57.78,96,100,5.39
452,Nizhniy Chir,RU,2022-07-21 17:36:07,48.3597,43.0865,70.29,45,19,8.32
453,Ilhabela,BR,2022-07-21 17:36:07,-23.7781,-45.3581,73.26,75,2,5.57
454,Kanye,BW,2022-07-21 17:36:08,-24.9667,25.3327,56.41,47,72,4.27
455,Sorong,ID,2022-07-21 17:36:09,-0.8833,131.25,78.06,88,77,9.35
456,Sterling,US,2022-07-21 17:36:09,39.0062,-77.4286,93.34,63,75,8.05
457,Malinyi,TZ,2022-07-21 17:36:10,-8.9333,36.1333,71.35,65,70,0.94
458,Chokurdakh,RU,2022-07-21 17:36:11,70.6333,147.9167,39.56,52,86,7.2
459,Naifaru,MV,2022-07-21 17:36:11,5.4444,73.3657,81.66,79,100,18.7
460,Ulladulla,AU,2022-07-21 17:36:12,-35.35,150.4667,54.0,83,92,6.69
461,Dejen,ET,2022-07-21 17:36:12,10.1667,38.1333,55.44,85,61,2.77
462,Tocopilla,CL,2022-07-21 17:33:04,-22.092,-70.1979,64.6,73,99,6.96
463,Port Macquarie,AU,2022-07-21 17:36:13,-31.4333,152.9167,58.89,88,75,9.22
464,Kendari,ID,2022-07-21 17:36:14,-3.945,122.4989,75.11,94,66,1.74
465,Linxia,CN,2022-07-21 17:36:14,35.6003,103.2064,50.7,94,97,2.1
466,Nago,JP,2022-07-21 17:36:15,26.5881,127.9761,83.32,88,40,10.92
467,Seminole,US,2022-07-21 17:32:29,27.8398,-82.7912,95.04,64,40,5.01
468,Grajau,BR,2022-07-21 17:36:15,-5.8194,-46.1386,95.59,22,29,5.23
469,Big Rapids,US,2022-07-21 17:36:16,43.6981,-85.4837,88.09,34,0,19.57
470,Den Helder,NL,2022-07-21 17:36:17,52.9599,4.7593,62.98,85,100,10.36
471,Fatehgarh Churian,IN,2022-07-21 17:36:17,31.8621,74.9553,80.46,86,76,5.12
472,Kyshtovka,RU,2022-07-21 17:36:18,56.555,76.6271,56.97,97,97,5.03
473,Yenagoa,NG,2022-07-21 17:36:19,4.9247,6.2642,76.46,81,99,7.67
474,Enid,US,2022-07-21 17:35:39,36.3956,-97.8784,100.08,35,100,11.5
475,Nouadhibou,MR,2022-07-21 17:36:19,20.931,-17.0347,76.98,78,15,14.97
476,Pont-A-Mousson,FR,2022-07-21 17:36:20,48.9079,6.0589,82.78,55,0,11.5
477,Manzanillo,CU,2022-07-21 17:36:21,20.3433,-77.1167,89.02,56,12,5.41
478,Yambio,SS,2022-07-21 17:36:21,4.5721,28.3955,67.93,98,96,2.51
479,Isiro,CD,2022-07-21 17:36:22,2.7739,27.616,68.18,98,86,2.26
480,Kapuskasing,CA,2022-07-21 17:37:22,49.4169,-82.4331,60.89,100,100,14.97
481,Sabha,LY,2022-07-21 17:37:23,27.0377,14.4283,89.82,15,0,9.86
482,Tomatlan,MX,2022-07-21 17:37:24,19.9333,-105.25,92.43,59,22,5.95
483,Angahuan,MX,2022-07-21 17:37:24,19.55,-102.1833,61.39,45,6,0.51
484,Vanimo,PG,2022-07-21 17:37:24,-2.6741,141.3028,77.58,87,100,3.09
485,Verkhovazhye,RU,2022-07-21 17:37:25,60.7472,42.0465,66.15,70,92,3.38
486,Severo-Kurilsk,RU,2022-07-21 17:37:25,50.6789,156.125,52.77,97,100,24.92
487,Samarai,PG,2022-07-21 17:37:26,-10.6167,150.6667,79.02,82,3,7.52
488,Yuxia,CN,2022-07-21 17:37:27,34.0615,108.6291,75.81,90,98,8.75
489,Antsohihy,MG,2022-07-21 17:37:27,-14.8796,47.9875,70.63,59,2,10.85
490,Campos,BR,2022-07-21 17:37:28,-21.75,-41.3,78.85,65,40,13.8
491,Rafraf,TN,2022-07-21 17:37:28,37.1904,10.1837,89.91,67,0,11.05
492,Maumere,ID,2022-07-21 17:32:44,-8.6199,122.2111,77.9,82,74,8.23
493,Chimoio,MZ,2022-07-21 17:37:29,-19.1164,33.4833,66.06,82,40,9.22
494,Bodinayakkanur,IN,2022-07-21 17:37:30,10.0167,77.35,76.96,87,96,4.65
495,Kabanjahe,ID,2022-07-21 17:37:30,3.1001,98.4908,62.62,94,84,1.36
496,Faratsiho,MG,2022-07-21 17:37:31,-19.4,46.95,43.7,89,9,5.75
497,Kieta,PG,2022-07-21 17:37:31,-6.2167,155.6333,78.3,79,73,1.63
498,Husavik,IS,2022-07-21 17:37:32,66.0449,-17.3389,50.14,80,79,5.86
499,Baglung,NP,2022-07-21 17:37:33,28.2719,83.5898,71.24,91,99,2.53
500,High Level,CA,2022-07-21 17:35:42,58.5169,-117.136,60.91,82,100,3.44
501,Qandala,SO,2022-07-21 17:37:33,11.472,49.8728,88.84,53,36,2.01
502,Tibu,CO,2022-07-21 17:37:34,8.639,-72.7358,96.01,40,42,4.05
503,Rio Grande,BR,2022-07-21 17:37:35,-32.035,-52.0986,69.91,96,100,2.37
504,Along,IN,2022-07-21 17:37:35,28.1667,94.7667,74.68,98,100,1.9
505,Fomboni,KM,2022-07-21 17:37:36,-12.28,43.7425,75.83,69,0,1.45
506,Aklavik,CA,2022-07-21 17:37:36,68.2191,-135.0107,57.2,88,75,4.61
507,Coahuayana,MX,2022-07-21 17:37:37,18.7333,-103.6833,92.07,57,53,5.35
508,Tchibanga,GA,2022-07-21 17:37:37,-2.85,11.0333,73.04,72,64,6.71
509,Mehamn,NO,2022-07-21 17:37:38,71.0357,27.8492,60.75,88,75,0.0
510,Gannan,CN,2022-07-21 17:37:39,47.9147,123.5031,70.18,78,15,2.59
511,Hovd,MN,2022-07-21 17:37:39,48.0056,91.6419,63.72,45,74,2.46
512,North Bend,US,2022-07-21 17:37:40,43.4065,-124.2243,63.16,88,100,8.05
513,Poronaysk,RU,2022-07-21 17:37:40,49.2167,143.1167,56.89,89,100,5.84
514,Hue,VN,2022-07-21 17:37:41,16.4667,107.6,78.91,94,75,3.44
515,Nortelandia,BR,2022-07-21 17:37:41,-14.4547,-56.8028,96.67,18,3,7.14
516,Moen,NO,2022-07-21 17:37:42,69.1304,18.6123,58.86,82,75,0.0
517,Qostanay,KZ,2022-07-21 17:37:43,53.1667,63.5833,64.69,52,0,6.71
518,Pacifica,US,2022-07-21 17:36:13,37.6138,-122.4869,74.68,90,20,11.99
519,Plouzane,FR,2022-07-21 17:37:44,48.3833,-4.6167,69.85,54,20,13.8
520,Rayadrug,IN,2022-07-21 17:37:44,14.7,76.8667,78.93,72,98,15.32
521,Ndele,CF,2022-07-21 17:37:45,8.4109,20.6473,72.09,94,94,2.66
522,Maniitsoq,GL,2022-07-21 17:37:45,65.4167,-52.9,45.55,91,100,12.68
523,Ust-Nera,RU,2022-07-21 17:37:46,64.5667,143.2,52.39,85,26,6.31
524,Hualmay,PE,2022-07-21 17:38:47,-11.0964,-77.6139,66.43,71,55,9.86
525,Aljezur,PT,2022-07-21 17:38:47,37.3191,-8.8033,73.63,68,62,12.68
526,Hatillo,PR,2022-07-21 17:38:47,18.4863,-66.8254,86.4,89,71,4.0
527,Chumikan,RU,2022-07-21 17:38:48,54.7183,135.315,52.14,100,100,2.3
528,Hofn,IS,2022-07-21 17:38:48,64.2539,-15.2082,55.42,76,75,5.75
529,Marsh Harbour,BS,2022-07-21 17:35:32,26.5412,-77.0636,83.12,71,10,11.5
530,Vila,PT,2022-07-21 17:38:49,42.0304,-8.1588,80.71,44,0,6.53
531,Flinders,AU,2022-07-21 17:38:50,-34.5833,150.8552,59.38,78,100,4.0
532,Ukiah,US,2022-07-21 17:34:36,39.1502,-123.2078,95.43,33,0,4.61
533,Middlebury,US,2022-07-21 17:38:50,44.0153,-73.1673,90.91,61,75,10.36
534,Nalut,LY,2022-07-21 17:38:51,31.8685,10.9812,86.58,20,0,19.91
535,Myitkyina,MM,2022-07-21 17:38:51,25.3833,97.4,77.14,93,98,1.7
536,Neyshabur,IR,2022-07-21 17:38:52,36.2133,58.7958,85.6,12,0,5.55
537,Duku,NG,2022-07-21 17:38:52,11.2361,4.9073,78.73,79,71,1.79
538,Bilma,NE,2022-07-21 17:38:53,18.6853,12.9164,96.33,26,62,12.26
539,Villa Bruzual,VE,2022-07-21 17:38:54,9.3328,-69.1208,84.49,71,27,5.75
540,Ahuimanu,US,2022-07-21 17:38:54,21.4447,-157.8378,75.85,87,100,9.22
541,Bandrele,YT,2022-07-21 17:38:55,-12.9067,45.1914,73.15,78,100,6.91
542,West Wendover,US,2022-07-21 17:38:55,40.7391,-114.0733,87.01,27,0,8.05
543,Xudat,AZ,2022-07-21 17:38:56,41.631,48.681,73.24,81,5,12.1
544,Otane,NZ,2022-07-21 17:38:57,-39.8833,176.6333,46.0,65,100,12.71
545,Bambanglipuro,ID,2022-07-21 17:38:57,-7.95,110.2833,75.36,82,65,9.44
546,Taitung,TW,2022-07-21 17:38:58,22.7599,121.1446,81.9,77,8,3.94
547,Krasnoarmeysk,RU,2022-07-21 17:38:58,51.0239,45.6969,60.26,70,31,6.98
548,Tosya,TR,2022-07-21 17:38:59,41.0155,34.0401,63.54,65,1,4.79
549,Yamada,JP,2022-07-21 17:38:59,39.4667,141.95,68.76,92,51,2.51
550,Cayenne,GF,2022-07-21 17:39:00,4.9333,-52.3333,87.84,8,75,10.36
